Plugin,telegraf_cpu_top_interval_1s,telegraf_cpu_jiffies_interval_1s,telegraf_memory_interval_1s,telegraf_cpu_top_interval_10s,telegraf_cpu_jiffies_interval_10s,telegraf_memory_interval_10s,telegraf_cpu_top_interval_60s,telegraf_cpu_jiffies_interval_60s,telegraf_memory_interval_60s,collectd_cpu_top_interval_1s,collectd_cpu_jiffies_interval_1s,collectd_memory_interval_1s,collectd_cpu_top_interval_10s,collectd_cpu_jiffies_interval_10s,collectd_memory_interval_10s,collectd_cpu_top_interval_60s,collectd_cpu_jiffies_interval_60s,collectd_memory_interval_60s,interval_1s,interval_10s,interval_60s
Syslog,0,11.636364,,0,0,,0,0,,4,3,,0,0,,0,0,,2021-01-01 00:00:01,2021-01-01 00:00:10,2021-01-01 00:01:00
CPU,4,3.121951,,0,0,,0,0,,3,5.16129,,0,0,,0,0,,2021-01-01 00:00:02,2021-01-01 00:00:20,2021-01-01 00:02:00
Load,5.9,3.9384615,,0,0,,0,0,,3,0,,0,3.047619,,0,0,,2021-01-01 00:00:03,2021-01-01 00:00:30,2021-01-01 00:03:00
,5,7.284553,,0,5.171717,,0,0,,3,2.9767442,,0,1.024,,0,0,,2021-01-01 00:00:04,2021-01-01 00:00:40,2021-01-01 00:04:00
,5,5.3333335,,0,0,,0,0,,2,2.8029196,,0,0,,0,0,,2021-01-01 00:00:05,2021-01-01 00:00:50,2021-01-01 00:05:00
,5,7.245283,,1,0,,0,0,,4,2.4303796,,2,0,,0,0,,2021-01-01 00:00:06,2021-01-01 00:01:00,2021-01-01 00:06:00
,5,8.439561,,0,0,,0,0,,3,4.3636365,,1,0,,0,0,,2021-01-01 00:00:07,2021-01-01 00:01:10,2021-01-01 00:07:00
,7,0.8951049,,0,0,,0,0,,3,2.8235295,,1,0,,0,0,,2021-01-01 00:00:08,2021-01-01 00:01:20,2021-01-01 00:08:00
,4,16,,0,0,,0,0,,3,3.096774,,0,0,,0,0,,2021-01-01 00:00:09,2021-01-01 00:01:30,2021-01-01 00:08:00
,6,0,,0,0,,0,0,,3,2.6666667,,0,0,,0,0,,2021-01-01 00:00:10,2021-01-01 00:01:40,2021-01-01 00:09:00
,3,7.4666667,,9,0,,0,0,,3,3.5555556,,0,0,,0,0,,2021-01-01 00:00:11,2021-01-01 00:01:50,2021-01-01 00:10:00
,5,6.8396945,,1,0,,0,0,,2,3.8208954,,0,0,,0,0,,2021-01-01 00:00:12,2021-01-01 00:02:00,
,5,8.192,,0,0,,0,0,,4,2.0983605,,0,3.121951,,0,0,,2021-01-01 00:00:13,2021-01-01 00:02:10,
,3,5,,0,5.8625956,,0,0,,2,4.096,,0,1.0666667,,0,0,,2021-01-01 00:00:14,2021-01-01 00:02:20,
,5,6.637037,,0,0,,0,0,,3,0.9846154,,0,0,,0,0,,2021-01-01 00:00:15,2021-01-01 00:02:30,
,6.9,2.630137,,0,0,,0,0,,3,3.9689922,,2,0,,0,0,,2021-01-01 00:00:16,2021-01-01 00:02:40,
,5,7,,0,0,,0,0,,2,2.9767442,,2,0,,0,0,,2021-01-01 00:00:17,2021-01-01 00:02:50,
,3,8.615385,,0,0,,0,0,,4,4.031496,,0,0,,0,0,,2021-01-01 00:00:18,2021-01-01 00:03:00,
,7,5.154362,,0,0,,0,4.885496,,3,2.909091,,0,0,,0,0,,2021-01-01 00:00:19,2021-01-01 00:03:10,
,5,7.225806,,0,0,,0,0,,3,3.096774,,0,0,,0,0,,2021-01-01 00:00:20,2021-01-01 00:03:20,
,4,6.5084743,,7,0,,0,0,,3,5,,0,0,,0,0,,2021-01-01 00:00:21,2021-01-01 00:03:30,
,4,7,,0,0,,0,0,,2,0.969697,,0,0,,0,0,,2021-01-01 00:00:22,2021-01-01 00:03:40,
,5,10.24,,0,1.0940171,,0,0,,3,3.096774,,0,3.023622,,0,0,,2021-01-01 00:00:23,2021-01-01 00:03:50,
,5,0,,0,6.144,,0,0,,3,4,,0,1.9844961,,0,0,,2021-01-01 00:00:24,2021-01-01 00:04:00,
,6,8.982456,,0,1.0756303,,0,0,,3,1.9844961,,0,0,,0,0,,2021-01-01 00:00:25,2021-01-01 00:04:10,
,2,6.736842,,0,0,,0,0,,3,3,,2,0,,0,0,,2021-01-01 00:00:26,2021-01-01 00:04:20,
,6,5.260274,,0,0,,0,0,,2,3.023622,,1,0,,0,0,,2021-01-01 00:00:27,2021-01-01 00:04:30,
,7,10.194691,,0,0,,0,0,,4,2.909091,,1,0,,0,0,,2021-01-01 00:00:28,2021-01-01 00:04:40,
,5,7.9292035,,0,0,,0,0,,2,2.9767442,,0,0,,0,0,,2021-01-01 00:00:29,2021-01-01 00:04:50,
,5,3.072,,0,0,,0,0,,3,3.147541,,0,0,,0,0,,2021-01-01 00:00:30,2021-01-01 00:05:00,
,4,7.9379845,,4,0,,0,0,,3,3,,0,0,,0,0,,2021-01-01 00:00:31,2021-01-01 00:05:10,
,4,7.2112675,,0,0,,0,0,,3,4,,0,0,,3,0,,2021-01-01 00:00:32,2021-01-01 00:05:20,
,7,11.428572,,0,0,,0,0,,3,1.9692308,,0,3.047619,,2,2.4380953,,2021-01-01 00:00:33,2021-01-01 00:05:30,
,4,0,,0,4.129032,,0,0,,3,3.878788,,0,1.024,,0,1.024,,2021-01-01 00:00:34,2021-01-01 00:05:40,
,5,7.816794,,0,0,,0,0.6368159,,3,3.047619,,0,0,,0,0,,2021-01-01 00:00:35,2021-01-01 00:05:50,
,5,8.282353,,0,0,,1,0,,4,2.9767442,,2,0,,0,0,,2021-01-01 00:00:36,2021-01-01 00:06:00,
,5,8.727273,,1,0,,0,0,,2,2.0813007,,1,0,,0,0,,2021-01-01 00:00:37,2021-01-01 00:06:10,
,4,0,,0,0,,0,0,,3,3.9384615,,1,0,,0,0,,2021-01-01 00:00:38,2021-01-01 00:06:20,
,8,13.528456,,0,0,,0,0,,3,1.6516129,,0,0,,0,0,,2021-01-01 00:00:39,2021-01-01 00:06:30,
,3,4.48,,0,0,,0,0,,3,3.84,,0,0,,0,0,,2021-01-01 00:00:40,2021-01-01 00:06:40,
,5,15.18644,,5,0,,0,0,,3,4.031496,,0,0,,0,0,,2021-01-01 00:00:41,2021-01-01 00:06:50,
,5,0,,0,0,,0,0,,3,1.9692308,,0,0,,0,0,,2021-01-01 00:00:42,2021-01-01 00:07:00,
,5.9,11.636364,,0,0,,0,0,,2,2.5430465,,0,3.072,,0,0,,2021-01-01 00:00:43,2021-01-01 00:07:10,
,4,5.688889,,0,5.8625956,,0,0,,3,4.3760686,,0,0.99224806,,0,0,,2021-01-01 00:00:44,2021-01-01 00:07:20,
,4,4.6715326,,0,0,,0,0,,3,3.368421,,0,0,,0,0,,2021-01-01 00:00:45,2021-01-01 00:07:30,
,6,6.8923078,,0,0,,0,0,,4,2.9767442,,2,0,,0,0,,2021-01-01 00:00:46,2021-01-01 00:07:40,
,6,5.4179893,,0,0,,0,0,,2,3,,2,0,,0,0,,2021-01-01 00:00:47,2021-01-01 00:07:50,
,4,14.027397,,0,0,,4,0,,4,3.023622,,1,0,,0,0,,2021-01-01 00:00:48,2021-01-01 00:08:00,
,5.9,9.730994,,0,0,,0,0,,3,2.9538462,,0,0,,0,0,,2021-01-01 00:00:49,2021-01-01 00:08:10,
,5,0,,0,0,,0,0,,1,3.096774,,0,0,,0,0,,2021-01-01 00:00:50,2021-01-01 00:08:20,
,4,6.4,,9,0,,0,0,,4,2.8029196,,0,0,,0,0,,2021-01-01 00:00:51,2021-01-01 00:08:30,
,4,7.6108108,,0,0,,0,0,,3,3.072,,0,0,,0,0,,2021-01-01 00:00:52,2021-01-01 00:08:40,
,4,7.4049587,,0,0,,0,0,,3,4.129032,,0,2.9767442,,0,0,,2021-01-01 00:00:53,2021-01-01 00:08:50,
,6,12.985507,,0,6.047244,,0,0,,2,2.9538462,,0,1.0406504,,0,0,,2021-01-01 00:00:54,2021-01-01 00:09:00,
,4,4.8301888,,0,0.81528664,,0,0,,4,3.023622,,0,0,,0,0,,2021-01-01 00:00:55,2021-01-01 00:09:10,
,5.9,1.2673267,,0,0,,1,0,,2,3.072,,2,0,,0,0,,2021-01-01 00:00:56,2021-01-01 00:09:20,
,5,7.284553,,0,0,,0,0,,3,4,,1,0,,0,0,,2021-01-01 00:00:57,2021-01-01 00:09:30,
,5,8.192,,0,1.254902,,0,0,,3,1.9104477,,1,0,,0,0,,2021-01-01 00:00:58,2021-01-01 00:09:40,
,7,9,,0,0,,0,0,,3,3.9384615,,0,0,,0,0,,2021-01-01 00:00:59,2021-01-01 00:09:50,
,3,8.192,,0,0,,0,0,,3,3.047619,,0,0,,0,0,,2021-01-01 00:01:00,2021-01-01 00:10:00,
,5,6.35461,,5,0,,0,0,,3,3.147541,,0,0,,0,0,,2021-01-01 00:01:01,,
,5,3.878788,,0,0,,0,0,,3,2.015748,,0,0,,0,0,,2021-01-01 00:01:02,,
,5,7.9292035,,0,0,,0,0,,3,3,,0,3.047619,,0,0,,2021-01-01 00:01:03,,
,4,6.6865673,,0,4.4444447,,0,0,,2,3.878788,,0,2.0813007,,0,0,,2021-01-01 00:01:04,,
,7,7.585185,,0,0,,0,0,,3,1.9541985,,0,0,,0,0,,2021-01-01 00:01:05,,
,5,7.791304,,0,0,,0,0,,3,3.5804195,,2,0,,0,0,,2021-01-01 00:01:06,,
,5,7.757576,,1,0,,0,0,,3,3.588785,,2,0,,0,0,,2021-01-01 00:01:07,,
,6,7.4744525,,0,0,,0,0,,3,2.9538462,,0,0,,0,0,,2021-01-01 00:01:08,,
,5,6.295082,,0,0,,0,0,,2,2.887218,,0,0,,0,0,,2021-01-01 00:01:09,,
,5,8.46281,,0,0,,0,0,,3,3.072,,0,0,,0,0,,2021-01-01 00:01:10,,
,4,8.533334,,2,1.7813121,,0,1.007874,,3,3.047619,,0,0,,0,0,,2021-01-01 00:01:11,,
,4,0,,0,0,,0,0,,2,2.9538462,,0,0,,0,0,,2021-01-01 00:01:12,,
,5,7.3669066,,0,0,,0,0,,4,2.909091,,0,1.8962963,,0,0,,2021-01-01 00:01:13,,
,6,12.3076935,,0,0,,0,0,,3,4.1626015,,0,1.9844961,,0,0,,2021-01-01 00:01:14,,
,4,6.2822084,,0,0,,0,0,,2,1.9248121,,0,0,,0,0,,2021-01-01 00:01:15,,
,5,11.341772,,1,0,,0,0,,3,3.147541,,3,0,,0,0,,2021-01-01 00:01:16,,
,5,1.0406504,,0,0,,0,0,,3,4.096,,1,0,,0,0,,2021-01-01 00:01:17,,
,7,15.737706,,0,0,,0,0,,3,2.9767442,,0,0,,0,0,,2021-01-01 00:01:18,,
,3,2.630137,,0,0,,1,16.564707,,3,2.8656716,,0,0,,0,0,,2021-01-01 00:01:19,,
,5,0,,0,0,,0,0,,2,2.5263157,,0,0,,0,0,,2021-01-01 00:01:20,,
,4,7.111111,,5.9,0,,0,0,,4,3.9183674,,0,0,,0,0,,2021-01-01 00:01:21,,
,5,18.92174,,0,0,,0,0,,3,2.9312978,,0,0,,0,0,,2021-01-01 00:01:22,,
,3,2.015748,,0,0,,0,0,,2,1.5705521,,0,2.9767442,,0,0,,2021-01-01 00:01:23,,
,5,8,,0,2.6528497,,0,0,,3,4.266667,,0,1.032258,,0,0,,2021-01-01 00:01:24,,
,7,7.641791,,0,4.266667,,0,0,,3,3.9384615,,0,0,,0,0,,2021-01-01 00:01:25,,
,4,8.393442,,0,0,,0,0,,3,3.072,,3,0,,0,0,,2021-01-01 00:01:26,,
,5,6.540146,,0,0,,0,0,,3,2.9767442,,1,0,,0,0,,2021-01-01 00:01:27,,
,6,7.4049587,,0,0,,0,0,,3,2.909091,,0,0,,0,0,,2021-01-01 00:01:28,,
,5,4.031496,,0,0,,0,0,,2,3.121951,,0,0,,0,0,,2021-01-01 00:01:29,,
,4,8,,0,0,,0,0,,4,3.9689922,,0,0,,0,0,,2021-01-01 00:01:30,,
,5,9.142858,,7,0,,1,0,,2,2,,0,0,,0,0,,2021-01-01 00:01:31,,
,5,7.4744525,,0,0,,0,0,,3,7.055118,,0,0,,2,0,,2021-01-01 00:01:32,,
,5,14.990991,,0,0,,0,0,,3,0.96240604,,0,3.7372262,,2,3.5555556,,2021-01-01 00:01:33,,
,4,0,,0,4.923077,,0,0,,3,2.015748,,0,0,,0,2.2654867,,2021-01-01 00:01:34,,
,5,7.344262,,0,2.56,,0,0,,2,4.096,,0,0,,0,0,,2021-01-01 00:01:35,,
,5,5.818182,,0,0,,0,0,,3,3.072,,3,0,,0,0,,2021-01-01 00:01:36,,
,5.9,6.787879,,0,0,,0,0,,3,2.3850932,,1,0,,0,0,,2021-01-01 00:01:37,,
,5,4.231405,,0,0,,0,0,,3,5.2783504,,0,0,,0,0,,2021-01-01 00:01:38,,
,4,6.047244,,0,0,,0,0.81528664,,3,1.9248121,,0,0,,0,0,,2021-01-01 00:01:39,,
,6,7.529412,,0,0,,0,0,,3,4,,0,0,,0,0,,2021-01-01 00:01:40,,
,5,8.46281,,5.9,0,,0,0,,2,3.147541,,0,0,,0,0,,2021-01-01 00:01:41,,
,4,13,,0,0,,0,0,,3,1.9248121,,0,0,,0,0,,2021-01-01 00:01:42,,
,4,5.818182,,0,0,,0,0,,3,4.129032,,0,2.9538462,,0,0,,2021-01-01 00:01:43,,
,6,5.260274,,0,5.774436,,0,0,,4,3.047619,,0,2.0317461,,0,0,,2021-01-01 00:01:44,,
,3,1.3913044,,0,0,,0,0,,3,2.9767442,,0,0,,0,0,,2021-01-01 00:01:45,,
,5,7.284553,,1,0,,0,0,,1,3,,3,0,,0,0,,2021-01-01 00:01:46,,
,6,6,,0,0,,0,0,,3,2.8656716,,1,0,,0,0,,2021-01-01 00:01:47,,
,6,5.12,,0,0,,7,0,,4,3,,0,0,,0,0,,2021-01-01 00:01:48,,
,6,6.047244,,0,0,,4,0,,3,3.023622,,0,0,,0,0,,2021-01-01 00:01:49,,
,3,7.9379845,,0,0,,0,0.75739646,,2,3,,0,0,,0,0,,2021-01-01 00:01:50,,
,4,7.6992483,,3,0,,0,0,,3,3.072,,0,0,,0,0,,2021-01-01 00:01:51,,
,6,6.0540543,,0,0,,0,0,,3,3,,0,0,,0,0,,2021-01-01 00:01:52,,
,3,6.4,,0,0,,0,0,,3,3,,0,2.7826087,,0,0,,2021-01-01 00:01:53,,
,6,11.815385,,0,3.878788,,0,0,,3,3.023622,,0,1.007874,,0,0,,2021-01-01 00:01:54,,
,5,7.111111,,0,0,,0,0,,2,3,,0,0,,0,0,,2021-01-01 00:01:55,,
,5,6.5084743,,1,0,,0,0,,4,3.9689922,,2,0,,0,0,,2021-01-01 00:01:56,,
,4,4.096,,0,0,,0,0,,3,1.7534246,,2,0,,0,0,,2021-01-01 00:01:57,,
,5,7.9379845,,0,0,,0,0,,2,3.490909,,0,0,,0,0,,2021-01-01 00:01:58,,
,7,9.070867,,0,0,,0,0,,3,4.031496,,0,0,,0,0,,2021-01-01 00:01:59,,
,5,5.9534883,,0,0,,0,0,,3,3.023622,,0,0,,0,0,,2021-01-01 00:02:00,,
,4,5.189189,,5,0,,0,0,,3,3.096774,,0,0,,0,0,,2021-01-01 00:02:01,,
,5,9.225225,,1,0,,0,0,,2,2.4935064,,0,0,,0,0,,2021-01-01 00:02:02,,
,6,8.861539,,0,0,,0,0,,3,4.8301888,,0,4,,0,0,,2021-01-01 00:02:03,,
,5,8.393442,,0,4.0634923,,0,0,,3,1.9692308,,0,0.9846154,,0,0,,2021-01-01 00:02:04,,
,4,6,,0,0,,0,0,,4,4.1626015,,0,0,,0,0,,2021-01-01 00:02:05,,
,4,6.781457,,0,0,,0,0,,2,2.887218,,3,0,,0,0,,2021-01-01 00:02:06,,
,7,4.6545453,,0,0,,0,0,,3,3.047619,,2,0,,0,0,,2021-01-01 00:02:07,,
,5,8.062992,,0,0,,0,0,,3,2.909091,,0,0,,0,0,,2021-01-01 00:02:08,,
,4,10.32258,,0,0,,0,0,,3,2.2721894,,0,0,,0,0,,2021-01-01 00:02:09,,
,5,3,,0,0,,0,0,,3,4.6829267,,0,0,,0,0,,2021-01-01 00:02:10,,
,6,6.1686745,,7,0,,0,0,,2,3.6834533,,0,0,,0,0,,2021-01-01 00:02:11,,
,4,9.520661,,0,0,,0,0,,3,2.7042253,,0,0,,0,0,,2021-01-01 00:02:12,,
,5,8.871287,,0,0,,0,0,,3,3.5555556,,0,3.2,,0,0,,2021-01-01 00:02:13,,
,5,5.4634147,,0,4.266667,,0,0,,3,2.3703704,,0,2.0317461,,0,0,,2021-01-01 00:02:14,,
,5,11.555555,,0,0,,0,0,,3,4.3146067,,0,0,,0,0,,2021-01-01 00:02:15,,
,6,1.2190477,,0,0,,0,0,,3,4,,2,0,,0,0,,2021-01-01 00:02:16,,
,5.9,11.636364,,0,0,,0,0,,2,1.3617021,,1,0,,0,0,,2021-01-01 00:02:17,,
,6,7.111111,,0,0,,0,0,,3,5.4084506,,1,0,,0,0,,2021-01-01 00:02:18,,
,9,0,,0,0,,0,4.8761907,,3,3.1604939,,0,0,,0,0,,2021-01-01 00:02:19,,
,3,8.597015,,0,0,,0,0,,3,2.6391752,,0,0,,0,0,,2021-01-01 00:02:20,,
,5,8.393442,,6,0,,0,0,,4,3.121951,,0,0,,0,0,,2021-01-01 00:02:21,,
,6,5.9534883,,0,0,,0,0,,2,3,,0,1.882353,,0,0,,2021-01-01 00:02:22,,
,6,5.3652697,,0,0,,0,0,,2,2.9767442,,0,1.024,,0,0,,2021-01-01 00:02:23,,
,5,7.8122067,,1,5.7070065,,0,0,,3,4.031496,,0,1.0666667,,0,0,,2021-01-01 00:02:24,,
,5,4.594872,,0,0,,0,0,,4,3.023622,,0,0,,0,0,,2021-01-01 00:02:25,,
,7,11.48718,,0,0,,0,0,,2,7,,2,0,,0,0,,2021-01-01 00:02:26,,
,4,0,,0,0,,0,0,,3,0,,2,0,,0,0,,2021-01-01 00:02:27,,
,6,9.083871,,0,0,,0,0,,4,3.023622,,0,0,,0,0,,2021-01-01 00:02:28,,
,7,3.8095238,,0,0,,0,0,,3,3.9384615,,0,0,,0,0,,2021-01-01 00:02:29,,
,5.9,0,,0,0,,0,0,,2,2.909091,,0,0,,0,0,,2021-01-01 00:02:30,,
,4,6.9457364,,4,0,,0,0,,3,2.0813007,,0,0,,0,0,,2021-01-01 00:02:31,,
,5,5.430303,,0,0,,0,0,,3,3.023622,,0,0,,3,0,,2021-01-01 00:02:32,,
,8,10.181818,,0,0,,0,0,,3,3.9689922,,0,2.8029196,,1,1.9541985,,2021-01-01 00:02:33,,
,3,8.258064,,0,9.333333,,0,0,,3,3.072,,0,0.512,,1,0.75739646,,2021-01-01 00:02:34,,
,6,6.540146,,0,0,,0,0,,2,3.9384615,,0,0,,0,0,,2021-01-01 00:02:35,,
,6,7.344262,,0,0,,1,0,,3,1.9844961,,3,0,,0,0,,2021-01-01 00:02:36,,
,7.9,6.8724833,,0,0,,1,0,,3,4.031496,,1,0,,0,0,,2021-01-01 00:02:37,,
,4,4.413793,,0,0,,0,0,,3,3,,0,0,,0,0,,2021-01-01 00:02:38,,
,6,5.3781514,,0,0,,0,0,,3,3,,0,0,,0,0,,2021-01-01 00:02:39,,
,7,9,,0,0,,0,0,,3,1.9104477,,0,0,,0,0,,2021-01-01 00:02:40,,
,6,6.9457364,,7,0,,0,0,,3,3.023622,,0,0,,0,0,,2021-01-01 00:02:41,,
,5,8.126985,,0,0,,0,0,,3,4.1626015,,0,2.0983605,,0,0,,2021-01-01 00:02:42,,
,6.9,6.736842,,0,0,,0,0,,3,2.8656716,,0,1,,0,0,,2021-01-01 00:02:43,,
,7,7.9448276,,0,6,,0,0,,3,3.072,,0,0.97709924,,0,0,,2021-01-01 00:02:44,,
,4,7.245283,,0,0.97709924,,0,0,,3,3.047619,,0,0,,0,0,,2021-01-01 00:02:45,,
,7,6.9457364,,0,0,,0,0,,3,2.3703704,,2,0,,0,0,,2021-01-01 00:02:46,,
,8,3.764706,,0,0,,0,0,,2,4.129032,,2,0,,0,0,,2021-01-01 00:02:47,,
,8,7.362832,,0,0,,6,0,,3,3.908397,,0,0,,0,0,,2021-01-01 00:02:48,,
,3,11.462687,,0,0,,0,0,,3,2.0983605,,0,0,,0,0,,2021-01-01 00:02:49,,
,6.9,1.5421686,,0,0,,0,0,,3,2.9767442,,0,0,,0,0,,2021-01-01 00:02:50,,
,7,6.736842,,7,0,,0,0,,3,3,,0,0,,0,0,,2021-01-01 00:02:51,,
,7,6.095238,,0,2.5221674,,0,0,,3,3.878788,,0,1.0406504,,0,0,,2021-01-01 00:02:52,,
,3,6.3098593,,0,0,,0,0,,4,2,,0,2,,0,0,,2021-01-01 00:02:53,,
,7,6.243902,,0,0,,0,0,,3,4.196721,,0,0.93430656,,0,0,,2021-01-01 00:02:54,,
,5,11.48718,,0,0,,0,0,,2,2.887218,,0,0,,0,0,,2021-01-01 00:02:55,,
,5,5.4084506,,1,0,,0,0,,2,3,,3,0,,0,0,,2021-01-01 00:02:56,,
,6.9,9.333333,,0,0,,0,0,,3,3.072,,1,0,,0,0,,2021-01-01 00:02:57,,
,9,-234.66667,,0,0,,0,0,,4,3.7372262,,0,0,,0,0,,2021-01-01 00:02:58,,
,6,19.301588,,0,0,,1,0,,2,2.064516,,0,0,,0,0,,2021-01-01 00:02:59,,
,3,12.288,,0,0,,0,0,,4,3.764706,,0,0,,0,0,,2021-01-01 00:03:00,,
,8,2.909091,,6,0,,0,0,,2,3.2820513,,0,0,,0,0,,2021-01-01 00:03:01,,
,7,7.9379845,,0,0,,0,0,,3,2.3272727,,0,0,,0,0,,2021-01-01 00:03:02,,
,6,6.0591717,,0,4.148148,,0,0,,3,5.12,,0,3.047619,,0,0,,2021-01-01 00:03:03,,
,4,10.79518,,0,0,,0,0,,3,3.2,,0,2.015748,,0,0,,2021-01-01 00:03:04,,
,7,5.4969325,,0,0,,0,0,,3,3.072,,0,0,,0,0,,2021-01-01 00:03:05,,
,7,10.666667,,0,0,,0,0,,3,2.8444445,,2,0,,0,0,,2021-01-01 00:03:06,,
,5,3.072,,1,0,,0,0,,2,3.047619,,3,0,,0,0,,2021-01-01 00:03:07,,
,6,6.8396945,,0,0,,0,1,,3,2.6482759,,0,0,,0,0,,2021-01-01 00:03:08,,
,6,8.325203,,0,0,,0,0,,3,2.6853147,,0,0,,0,0,,2021-01-01 00:03:09,,
,5.9,6.8923078,,0,0,,0,0,,2,4.129032,,0,0,,0,0,,2021-01-01 00:03:10,,
,4,14.451612,,3,0,,0,0,,4,2.3558283,,0,0,,0,0,,2021-01-01 00:03:11,,
,7,0.97709924,,0,0,,0,0,,3,5.4468083,,0,0,,0,0,,2021-01-01 00:03:12,,
,7,5.9534883,,0,0,,0,0,,2,3.072,,0,1.8686131,,0,0,,2021-01-01 00:03:13,,
,6,7.757576,,0,4.5482235,,0,0,,3,2.887218,,0,1.0847458,,0,0,,2021-01-01 00:03:14,,
,4,5.894737,,0,0,,0,0,,3,3.39823,,0,0,,0,0,,2021-01-01 00:03:15,,
,7,6.4,,0,0,,0,0,,3,3.7372262,,2,0,,0,0,,2021-01-01 00:03:16,,
,7.9,6.8923078,,0,0,,0,0,,3,2,,1,0,,0,0,,2021-01-01 00:03:17,,
,4,6.013423,,0,0,,0,0.77575755,,3,3.908397,,0,0,,0,0,,2021-01-01 00:03:18,,
,5,9.365853,,0,0,,0,12,,3,2.887218,,0,0,,0,0,,2021-01-01 00:03:19,,
,7,9.365853,,1,0,,0,0,,2,2.509804,,0,0,,0,0,,2021-01-01 00:03:20,,
,5,8.904347,,7,0,,0,0,,3,4,,0,0,,0,0,,2021-01-01 00:03:21,,
,4,4.1069517,,1,0,,0,0,,3,3.023622,,0,0,,0,0,,2021-01-01 00:03:22,,
,8,12.2739725,,0,0,,0,0,,3,2.8656716,,0,3.4594595,,0,0,,2021-01-01 00:03:23,,
,5.9,6.781457,,0,6,,0,0,,3,3.1735537,,0,1.1743119,,0,0,,2021-01-01 00:03:24,,
,4,6.4,,0,0,,0,0,,2,3.9384615,,0,0,,0,0,,2021-01-01 00:03:25,,
,7,6.9457364,,0,1.024,,0,0,,3,2.9538462,,3,0,,0,0,,2021-01-01 00:03:26,,
,8,9,,0,0,,0,0,,3,3.047619,,2,0,,0,0,,2021-01-01 00:03:27,,
,7,9,,0,0,,0,0,,3,3.908397,,0,0,,0,0,,2021-01-01 00:03:28,,
,2,8.062992,,0,0,,0,0,,3,3.072,,0,0,,0,0,,2021-01-01 00:03:29,,
,5.9,15.118112,,0,0,,0,0,,3,2.887218,,0,0,,0,0,,2021-01-01 00:03:30,,
,8,16.90566,,7,0,,0,0,,3,3.121951,,0,0,,0,0,,2021-01-01 00:03:31,,
,5,1.6480687,,0,0,,0,0.7032967,,3,3.7372262,,0,0,,3,0,,2021-01-01 00:03:32,,
,4,0,,0,0,,0,0,,2,3.121951,,0,2.0317461,,1,2.9767442,,2021-01-01 00:03:33,,
,7,14.222222,,0,5.5172415,,0,0,,3,3.047619,,0,2.048,,0,1.6516129,,2021-01-01 00:03:34,,
,6,14.222222,,0,1.9248121,,0,0,,4,3.1801243,,0,0,,0,0,,2021-01-01 00:03:35,,
,3,0,,0,0,,0,0,,2,4.2197804,,3,0,,0,0,,2021-01-01 00:03:36,,
,7.9,0,,0,0,,0,0,,3,4,,1,0,,0,0,,2021-01-01 00:03:37,,
,8,14.688524,,0,0,,0,0,,3,1.8550725,,0,0,,0,0,,2021-01-01 00:03:38,,
,5,1.0491803,,0,0,,0,0,,3,3.6158192,,0,0,,0,0,,2021-01-01 00:03:39,,
,3,7.055118,,0,0,,1,0,,2,3.9384615,,0,0,,0,0,,2021-01-01 00:03:40,,
,7,8,,7,0,,0,0,,4,0,,0,0,,0,0,,2021-01-01 00:03:41,,
,7,5.6058393,,0,0,,0,0,,2,2.6666667,,0,0,,0,0,,2021-01-01 00:03:42,,
,3,7.432258,,0,0,,0,0,,4,4.129032,,0,3.047619,,0,0,,2021-01-01 00:03:43,,
,5.9,3.2820513,,0,5.9534883,,0,0,,2,2.630137,,0,0.969697,,0,0,,2021-01-01 00:03:44,,
,7,8.533334,,0,1.024,,0,0,,3,1.5609756,,0,0,,0,0,,2021-01-01 00:03:45,,
,7,8.861539,,0,0,,0,0,,3,4.173913,,2,0,,0,0,,2021-01-01 00:03:46,,
,4,8,,0,0,,0,0,,3,2.2654867,,2,0,,0,0,,2021-01-01 00:03:47,,
,8,6.9457364,,0,0,,6,0,,3,2.7042253,,0,0,,0,0,,2021-01-01 00:03:48,,
,8,9.216,,0,0,,0,0,,2,2.5430465,,0,0,,0,0,,2021-01-01 00:03:49,,
,6,7.432258,,0,NaN,,0,0,,3,1.8550725,,0,0,,0,0,,2021-01-01 00:03:50,,
,4,8.145454,,5,0,,0,0,,4,2.2068965,,0,0,,0,0,,2021-01-01 00:03:51,,
,8,9.520661,,0,0,,0,0,,3,2.813187,,0,0,,0,0,,2021-01-01 00:03:52,,
,6,7.111111,,0,0,,0,0,,3,2.9312978,,0,3.8208954,,0,0,,2021-01-01 00:03:53,,
,5,4.6545453,,0,4.302521,,0,0,,2,2.1157024,,0,0,,0,0,,2021-01-01 00:03:54,,
,6,5.9076924,,0,0,,0,0,,3,3.023622,,0,0,,0,0,,2021-01-01 00:03:55,,
,8,7.067485,,0,0,,0,0,,3,2.2654867,,3,0,,0,0,,2021-01-01 00:03:56,,
,5.9,7.757576,,0,0,,0,0,,2,2.909091,,2,0,,0,0,,2021-01-01 00:03:57,,
,4,20.597702,,0,0,,0,0,,3,2.8444445,,0,0,,0,0,,2021-01-01 00:03:58,,
,7,0,,0,0,,0,0,,4,2.9425287,,0,0,,0,0,,2021-01-01 00:03:59,,
,7,7.160839,,0,0,,0,0,,2,4.491228,,0,0,,0,0,,2021-01-01 00:04:00,,
,6,9.680673,,8,0,,0,0,,4,2.577181,,0,0,,0,0,,2021-01-01 00:04:01,,
,4,7.6992483,,0,0,,0,0,,2,2.2068965,,0,2.048,,0,0,,2021-01-01 00:04:02,,
,6,6.8923078,,0,0,,1,0,,3,1.8962963,,0,0,,0,0,,2021-01-01 00:04:03,,
,5.9,4.4521737,,0,6.736842,,0,0,,3,2.7826087,,0,0.5,,0,0,,2021-01-01 00:04:04,,
,5,6.9457364,,0,0,,0,0,,2,2.2196531,,0,0,,0,0,,2021-01-01 00:04:05,,
,8,8.793893,,0,1,,0,0,,3,3.096774,,2,0,,0,0,,2021-01-01 00:04:06,,
,8,8.533334,,0,0,,0,0,,3,3.588785,,2,0,,0,0,,2021-01-01 00:04:07,,
,6,12.190476,,0,0,,0,0,,3,3.310345,,0,0,,0,0,,2021-01-01 00:04:08,,
,4,2.0813007,,0,0,,0,0,,3,1.6305733,,0,0,,0,0,,2021-01-01 00:04:09,,
,5,7.111111,,0,0,,0,0,,3,2.7526882,,0,0,,0,0,,2021-01-01 00:04:10,,
,8,7.055118,,6,0,,0,0,,3,4.096,,0,0,,0,0,,2021-01-01 00:04:11,,
,6,7,,0,0,,0,0,,3,3.5555556,,0,0,,0,0,,2021-01-01 00:04:12,,
,4,5.647059,,0,0,,0,0,,3,0,,0,3.096774,,0,0,,2021-01-01 00:04:13,,
,7,5.0526314,,0,5.03937,,0,0,,2,3.4285715,,0,0.8050314,,0,0,,2021-01-01 00:04:14,,
,6,9.333333,,0,0,,0,0,,3,3.5068493,,0,0,,0,0,,2021-01-01 00:04:15,,
,5,6,,0,0,,0,0,,2,2.4615386,,2,0,,0,0,,2021-01-01 00:04:16,,
,7.9,7.0136986,,0,0,,0,0,,3,3.7925925,,2,0,,0,0,,2021-01-01 00:04:17,,
,7,8.287769,,0,0,,0,0,,3,3.6571429,,0,0,,0,0,,2021-01-01 00:04:18,,
,5,8.96,,0,0,,0,7.055118,,3,3.023622,,0,0,,0,0,,2021-01-01 00:04:19,,
,5,6.4,,0,0,,0,0,,3,3,,0,0,,0,0,,2021-01-01 00:04:20,,
,6,9.431579,,8,0,,0,0,,3,3.047619,,0,0,,0,0,,2021-01-01 00:04:21,,
,6,8.192,,0,0,,0,0,,3,3.39823,,0,0,,0,0,,2021-01-01 00:04:22,,
,6,4.885496,,0,0,,0,0,,3,4,,0,2.909091,,0,0,,2021-01-01 00:04:23,,
,3,5.818182,,0,6.5882354,,0,0,,3,2.887218,,0,1.0406504,,0,0,,2021-01-01 00:04:24,,
,7,9.216,,0,0,,0,0,,3,3.047619,,0,0,,0,0,,2021-01-01 00:04:25,,
,6,8.062992,,0,0,,0,0,,2,3.072,,2,0,,0,0,,2021-01-01 00:04:26,,
,5,6.4927535,,0,0,,0,0,,3,2.577181,,1,0,,0,0,,2021-01-01 00:04:27,,
,7,6.5641026,,0,0.93430656,,0,0,,3,4.7850466,,0,0,,0,0,,2021-01-01 00:04:28,,
,6,5.9733334,,0,0,,1,0,,3,3.1411042,,0,0,,0,0,,2021-01-01 00:04:29,,
,6.9,13.298701,,0,0,,0,0,,3,2.7826087,,0,0,,0,0,,2021-01-01 00:04:30,,
,3,13.679389,,3,0,,0,0,,3,2.9538462,,0,0,,0,0,,2021-01-01 00:04:31,,
,6,0,,0,0,,0,0,,2,3.096774,,0,0,,2,0,,2021-01-01 00:04:32,,
,7,6.8923078,,0,0,,0,0,,3,3.908397,,0,3.047619,,2,2.0317461,,2021-01-01 00:04:33,,
,5,6.095238,,0,8.699029,,0,0,,3,3,,0,0.7664671,,0,0.9846154,,2021-01-01 00:04:34,,
,5,6,,0,0,,0,0.969697,,4,4,,0,0,,0,0,,2021-01-01 00:04:35,,
,7,7.9379845,,0,0,,0,0.92753625,,2,2.015748,,4,0,,0,0,,2021-01-01 00:04:36,,
,7.9,6.736842,,0,0,,0,0,,3,2.909091,,1,0,,0,0,,2021-01-01 00:04:37,,
,3,7.225806,,0,0,,0,0,,2,4.129032,,0,0,,0,0,,2021-01-01 00:04:38,,
,6,6.4402514,,0,0,,0,0,,4,2.9767442,,0,0,,0,0,,2021-01-01 00:04:39,,
,7,9.431579,,0,0,,0,0,,2,3.072,,0,0,,0,0,,2021-01-01 00:04:40,,
,7,4.6829267,,7,0,,0,0,,3,3.764706,,0,0,,0,0,,2021-01-01 00:04:41,,
,3,9.634409,,0,0,,0,0,,3,3.047619,,0,0,,0,0,,2021-01-01 00:04:42,,
,8,7.262411,,0,0,,0,0,,3,5.16129,,0,3.072,,0,0,,2021-01-01 00:04:43,,
,8.9,4.4521737,,0,7.111111,,0,0,,2,1,,0,2.0317461,,0,0,,2021-01-01 00:04:44,,
,3,7.055118,,0,0,,0,0,,4,3.047619,,0,0,,0,0,,2021-01-01 00:04:45,,
,7,6.095238,,1,0,,0,NaN,,2,3.023622,,2,0,,0,0,,2021-01-01 00:04:46,,
,8,14.328359,,0,0,,0,0,,3,2.9312978,,2,0,,0,0,,2021-01-01 00:04:47,,
,6,0,,0,0,,4,0,,3,2.8656716,,0,0,,0,0,,2021-01-01 00:04:48,,
,3,7.344262,,0,0,,0,0,,3,2.015748,,0,0,,0,0,,2021-01-01 00:04:49,,
,7,8.062992,,0,0,,0,0,,2,6.4,,0,0,,0,0,,2021-01-01 00:04:50,,
,5.9,5.818182,,7,0,,0,0,,3,0.9411765,,0,0,,0,0,,2021-01-01 00:04:51,,
,3,7.225806,,0,0,,0,0,,3,3.2,,0,0,,0,0,,2021-01-01 00:04:52,,
,6,6.540146,,0,0,,0,0,,3,2.9312978,,0,3.878788,,0,0,,2021-01-01 00:04:53,,
,9,4.302521,,0,6.193548,,0,0,,3,4,,0,0,,0,0,,2021-01-01 00:04:54,,
,7,6.8923078,,0,0,,0,0,,2,2,,0,0,,0,0,,2021-01-01 00:04:55,,
,4,7.876923,,0,0,,0,0,,3,4.0634923,,3,0,,0,0,,2021-01-01 00:04:56,,
,8,13.473684,,0,0,,0,0,,3,1.939394,,1,0,,0,0,,2021-01-01 00:04:57,,
,6.9,3.096774,,0,0,,0,NaN,,4,3.878788,,0,0,,0,0,,2021-01-01 00:04:58,,
,3,8,,0,0,,0,0,,2,3.096774,,0,0,,0,0,,2021-01-01 00:04:59,,
,7,7.02439,,0,0,,0,0,,3,3.9384615,,0,0,,0,0,,2021-01-01 00:05:00,,
,7,17.333334,,8,0,,0,0,,2,3.047619,,0,0,,0,0,,2021-01-01 00:05:01,,
,7,0,,0,0,,0,0,,3,3.023622,,0,0,,0,0,,2021-01-01 00:05:02,,
,4,6.8396945,,0,0,,0,0,,3,2.887218,,0,3.2,,0,0,,2021-01-01 00:05:03,,
,7,5.03937,,0,7.168,,0,0,,3,3.2542372,,0,2.1333334,,0,0,,2021-01-01 00:05:04,,
,5,8.904347,,0,0,,0,0,,3,2.9767442,,0,0,,0,0,,2021-01-01 00:05:05,,
,4,8.062992,,0,0,,0,0,,3,2.8029196,,3,0,,0,0,,2021-01-01 00:05:06,,
,7,8,,0,0,,1,0,,2,4.129032,,1,0,,0,0,,2021-01-01 00:05:07,,
,7,6.540146,,0,0,,0,0,,3,2.7042253,,0,0,,0,0,,2021-01-01 00:05:08,,
,6,8.605042,,0,0,,0,0,,3,2.5945945,,0,0,,0,0,,2021-01-01 00:05:09,,
,4,7.055118,,0,0,,0,0,,3,4.266667,,0,0,,0,0,,2021-01-01 00:05:10,,
,5,5.688889,,3,0,,0,0,,3,3.023622,,0,0,,0,0,,2021-01-01 00:05:11,,
,6,8.192,,0,0,,0,0,,3,3,,0,0,,0,0,,2021-01-01 00:05:12,,
,2,7.168,,0,0,,0,0,,2,2.9767442,,0,2.909091,,0,0,,2021-01-01 00:05:13,,
,7,4.9612403,,0,7.168,,0,0,,3,4.0634923,,0,2.1157024,,0,0,,2021-01-01 00:05:14,,
,7,10.748092,,0,0,,0,0,,2,2.9767442,,0,0,,0,0,,2021-01-01 00:05:15,,
,8,4.9612403,,1,0,,0,0,,4,2.9767442,,3,0,,0,0,,2021-01-01 00:05:16,,
,3,5.301775,,0,0,,0,3.2820513,,2,2.8444445,,1,0,,0,0,,2021-01-01 00:05:17,,
,8.9,10.378378,,0,0,,0,0,,3,3.2,,0,0,,0,0,,2021-01-01 00:05:18,,
,7,8.101266,,0,0,,0,0,,3,3,,0,0,,0,0,,2021-01-01 00:05:19,,
,3,11.831933,,0,0,,0,0,,2,3.3032258,,0,0,,0,0,,2021-01-01 00:05:20,,
,10,8.145454,,7,0,,0,0,,3,2.9767442,,0,0,,0,0,,2021-01-01 00:05:21,,
,9,0,,0,0,,0,0,,3,3.84,,0,0,,0,0,,2021-01-01 00:05:22,,
,3,3.2542372,,0,#NAME?,,0,0,,3,1.9248121,,0,2.909091,,0,0,,2021-01-01 00:05:23,,
,9,7.111111,,0,6.5084743,,0,0,,2,4.129032,,0,1.0847458,,0,0,,2021-01-01 00:05:24,,
,7.9,7.2112675,,0,0,,0,0,,4,4,,1,0,,0,0,,2021-01-01 00:05:25,,
,4,9.846154,,0,0,,0,0,,3,2.909091,,2,0,,0,0,,2021-01-01 00:05:26,,
,8,5.4969325,,0,0,,1,0,,2,2.015748,,1,0,,0,0,,2021-01-01 00:05:27,,
,7,6.787879,,0,0,,0,0,,3,4.096,,0,0,,0,0,,2021-01-01 00:05:28,,
,7,24.674698,,0,0,,0,0,,3,3.047619,,0,0,,0,0,,2021-01-01 00:05:29,,
,4,0,,0,0,,0,0,,3,2.8656716,,0,0,,0,0,,2021-01-01 00:05:30,,
,8,9.290322,,8.9,0,,0,0,,2,3.2820513,,0,0,,0,0,,2021-01-01 00:05:31,,
,6.9,5.430303,,0,0,,0,0,,3,4.338983,,0,0,,2,0,,2021-01-01 00:05:32,,
,3,6.3366337,,0,0,,0,0,,3,1.5900621,,0,3.096774,,2,3.6571429,,2021-01-01 00:05:33,,
,8,8.46281,,0,5.086093,,0,0,,3,8.393442,,0,0,,0,2.015748,,2021-01-01 00:05:34,,
,9,7.876923,,0,1,,0,0,,3,0,,2,0,,0,0,,2021-01-01 00:05:35,,
,10,10.491803,,0,0,,0,0,,3,3.023622,,1,0,,0,0,,2021-01-01 00:05:36,,
,2,5.0526314,,0,0,,0,0,,3,3.023622,,1,0,,0,0,,2021-01-01 00:05:37,,
,8.9,7.59322,,0,0,,0,0,,2,3.9689922,,0,0,,0,0,,2021-01-01 00:05:38,,
,5,-896,,0,0,,0,0,,3,3.908397,,0,0,,0,0,,2021-01-01 00:05:39,,
,5,14.569106,,0,0,,0,0,,3,1.9692308,,0,0,,0,0,,2021-01-01 00:05:40,,
,8,4.923077,,7,0,,0,0,,2,4.031496,,0,0,,0,0,,2021-01-01 00:05:41,,
,6,5.670886,,0,0,,0,0,,4,3.121951,,0,0,,0,0,,2021-01-01 00:05:42,,
,4,8.871287,,0,0,,0,0,,2,2,,0,3.908397,,0,0,,2021-01-01 00:05:43,,
,6,8.325203,,0,6.446043,,0,0,,3,3.8496242,,0,1,,0,0,,2021-01-01 00:05:44,,
,7.9,7.876923,,0,0,,0,0,,3,3,,1,0,,0,0,,2021-01-01 00:05:45,,
,6,11.354838,,0,0,,0,0,,3,3.147541,,3,0,,0,0,,2021-01-01 00:05:46,,
,4,4.885496,,0,0,,0,0,,3,2.9767442,,0,0,,0,0,,2021-01-01 00:05:47,,
,7,8.597015,,0,0,,5,0,,2,2.909091,,0,0,,0,0,,2021-01-01 00:05:48,,
,7,7.284553,,0,0,,0,0,,3,3.121951,,0,0,,0,0,,2021-01-01 00:05:49,,
,4,4.031496,,2,0,,0,0,,3,2.8444445,,0,0,,0,0,,2021-01-01 00:05:50,,
,8,6.8396945,,2,0,,0,0,,2,4.1626015,,0,0,,0,0,,2021-01-01 00:05:51,,
,5.9,7.111111,,0,0,,0,0,,3,3.047619,,0,0,,0,0,,2021-01-01 00:05:52,,
,4,14.117648,,0,0,,0,0,,3,2.9538462,,0,2.048,,0,0,,2021-01-01 00:05:53,,
,6,1.0406504,,0,6.047244,,0,0,,4,4,,0,1.9692308,,0,0,,2021-01-01 00:05:54,,
,8,8.861539,,1,0,,1,0,,2,2.015748,,1,0,,0,0,,2021-01-01 00:05:55,,
,8,8,,0,1.024,,0,1.0406504,,2,2.9767442,,2,0,,0,0,,2021-01-01 00:05:56,,
,3,7.68,,0,0,,0,0,,4,3.023622,,2,0,,0,0,,2021-01-01 00:05:57,,
,9.9,9.6603775,,0,0,,0,0,,3,3.023622,,0,0,,0,0,,2021-01-01 00:05:58,,
,6,4.196721,,0,0,,0,0,,2,2.887218,,0,0,,0,0,,2021-01-01 00:05:59,,
,4,7.168,,5,0,,0,0.84210527,,4,3.9689922,,0,0,,0,0,,2021-01-01 00:06:00,,
,8,7.816794,,2,0,,0,0,,2,2.015748,,0,0,,0,0,,2021-01-01 00:06:01,,
,8,7.5739646,,0,0,,0,0,,3,3.1735537,,0,0,,0,0,,2021-01-01 00:06:02,,
,3,9.431579,,0,0,,0,0,,3,2.8444445,,0,1.8686131,,0,0,,2021-01-01 00:06:03,,
,7,8.325203,,0,3.4829931,,0,0,,2,4.0634923,,0,1.4883721,,0,0,,2021-01-01 00:06:04,,
,8.9,7.783784,,0,0,,0,0,,3,1.9692308,,1,0,,0,0,,2021-01-01 00:06:05,,
,7,10.568808,,0,0,,0,0,,3,4.096,,2,0,,0,0,,2021-01-01 00:06:06,,
,4,10.07874,,0,0,,0,0,,3,3.9689922,,1,0,,0,0,,2021-01-01 00:06:07,,
,7,1.9692308,,0,0,,0,0,,2,3.072,,0,0,,0,0,,2021-01-01 00:06:08,,
,6,6.2822084,,0,0,,1,0,,3,2.048,,0,0,,0,0,,2021-01-01 00:06:09,,
,4,11.130435,,6,0,,0,0,,3,3.710145,,0,0,,0,0,,2021-01-01 00:06:10,,
,8,24.188976,,0,0,,0,0,,4,2.064516,,0,0,,0,0,,2021-01-01 00:06:11,,
,7.9,0.92753625,,0,0,,0,0,,2,3.878788,,0,0,,0,0,,2021-01-01 00:06:12,,
,3,0,,0,0,,0,0,,3,3.2268908,,0,3,,0,0,,2021-01-01 00:06:13,,
,7,12.337349,,0,6.047244,,0,0,,2,2.76259,,0,0.7619048,,0,0,,2021-01-01 00:06:14,,
,9,8,,1,0,,0,0,,3,3.2268908,,1,0,,0,0,,2021-01-01 00:06:15,,
,8,6.637037,,1,0,,0,0,,3,3,,2,0,,0,0,,2021-01-01 00:06:16,,
,3,3.9384615,,0,0,,0,0,,3,3,,1,0,,0,0,,2021-01-01 00:06:17,,
,7.9,7.168,,0,0,,0,0,,2,3.047619,,0,0,,0,0,,2021-01-01 00:06:18,,
,7,9,,0,0,,0,6.095238,,4,3.4133334,,0,0,,0,0,,2021-01-01 00:06:19,,
,3,7.4666667,,6,0,,0,0,,2,2.3703704,,0,0,,0,0,,2021-01-01 00:06:20,,
,9,8,,0,0,,0,0,,3,4.076433,,0,0,,0,0,,2021-01-01 00:06:21,,
,7,6.522293,,0,0,,0,0,,3,2.6391752,,0,0,,0,0,,2021-01-01 00:06:22,,
,4,9.309091,,0,0,,0,NaN,,2,3.9384615,,0,4,,0,0,,2021-01-01 00:06:23,,
,6,7.4666667,,0,6.2060604,,0,0,,4,2.5430465,,0,0.97709924,,0,0,,2021-01-01 00:06:24,,
,9.9,3.8208954,,0,0,,0,0,,2,3.764706,,1,0,,0,0,,2021-01-01 00:06:25,,
,8,10.786517,,0,0,,0,0,,3,2.8235295,,1,0,,0,0,,2021-01-01 00:06:26,,
,3,6.962343,,0,0,,0,0,,2,4.266667,,2,0,,0,0,,2021-01-01 00:06:27,,
,9,14.6285715,,0,0,,0,0,,4,2,,0,0,,0,0,,2021-01-01 00:06:28,,
,7,0,,0,0,,0,0,,3,4,,0,0,,0,0,,2021-01-01 00:06:29,,
,3,0,,4,0,,0,0,,2,1.9104477,,0,0,,0,0,,2021-01-01 00:06:30,,
,7.9,13.150685,,0,0,,0,0,,3,4.031496,,0,0,,0,0,,2021-01-01 00:06:31,,
,8,1.6623377,,0,0,,0,0,,3,3.096774,,0,2.1333334,,3,0,,2021-01-01 00:06:32,,
,4,8.325203,,0,0,,0,0,,3,3,,0,0,,1,2.5430465,,2021-01-01 00:06:33,,
,6,-1.4349775,,0,6.193548,,0,0,,2,3,,0,2.048,,0,1.1636363,,2021-01-01 00:06:34,,
,9,0,,1,0,,0,1.032258,,3,4.031496,,2,0,,0,0,,2021-01-01 00:06:35,,
,7,9.142858,,0,0,,0,0,,3,3,,1,0,,0,0,,2021-01-01 00:06:36,,
,3,8,,0,0,,0,0,,3,2.8656716,,1,0,,0,0,,2021-01-01 00:06:37,,
,9.9,8.533334,,0,0,,0,0,,2,3.147541,,0,0,,0,0,,2021-01-01 00:06:38,,
,6,8.325203,,0,0,,0,0,,3,3.8208954,,0,0,,0,0,,2021-01-01 00:06:39,,
,4,10.105263,,6,1.3061224,,0,0,,3,2.0983605,,0,0,,0,0,,2021-01-01 00:06:40,,
,8,5.7657657,,1,0,,0,0,,3,3,,0,0,,0,0,,2021-01-01 00:06:41,,
,9,5.5308642,,0,0,,0,0,,3,3.908397,,0,0,,0,0,,2021-01-01 00:06:42,,
,3,7.9503107,,0,0,,0,0,,3,2.2994013,,0,3.072,,0,0,,2021-01-01 00:06:43,,
,8,4.6545453,,0,4.923077,,1,0,,3,4.413793,,0,1.024,,0,0,,2021-01-01 00:06:44,,
,7.9,7.2,,0,0,,0,0,,3,2.9312978,,1,0,,0,0,,2021-01-01 00:06:45,,
,9,6.5882354,,0,0,,0,0,,2,4.129032,,2,0,,0,0,,2021-01-01 00:06:46,,
,2,11.505618,,0,0,,0,0,,3,2.015748,,1,0,,0,0,,2021-01-01 00:06:47,,
,10,9.411765,,0,0,,5,0,,3,4,,0,0,,0,0,,2021-01-01 00:06:48,,
,8,9.365853,,0,0,,0,0,,3,3.023622,,0,0,,0,0,,2021-01-01 00:06:49,,
,3,7.284553,,7,0,,0,0,,3,2.7826087,,0,0,,0,0,,2021-01-01 00:06:50,,
,9,7.876923,,0,0,,0,1.1636363,,3,4.266667,,0,0,,0,0,,2021-01-01 00:06:51,,
,6.9,3.9384615,,0,0,,0,0,,2,3,,0,0,,0,0,,2021-01-01 00:06:52,,
,3,5.9076924,,0,0,,0,0,,3,1.6,,0,2.9312978,,0,0,,2021-01-01 00:06:53,,
,9,9.442623,,0,8.699029,,0,0,,3,5.389474,,0,2.064516,,0,0,,2021-01-01 00:06:54,,
,8,12.606061,,0,0,,0,0,,3,2.9538462,,2,0,,0,0,,2021-01-01 00:06:55,,
,8,0,,0,0,,0,0,,3,2.9538462,,1,0,,0,0,,2021-01-01 00:06:56,,
,3,7,,0,0,,0,0,,3,3.096774,,1,0,,0,0,,2021-01-01 00:06:57,,
,8.9,15.875969,,0,0,,0,0,,3,2.010471,,0,0,,0,0,,2021-01-01 00:06:58,,
,5,0.97709924,,0,0,,0,0,,2,5.818182,,0,0,,0,0,,2021-01-01 00:06:59,,
,5,5.019608,,6,0,,0,0,,4,3,,0,0,,0,0,,2021-01-01 00:07:00,,
,7,5.12,,2,0,,0,0,,2,3,,0,0,,0,0,,2021-01-01 00:07:01,,
,6,5.6,,0,0,,0,0,,3,3.9689922,,0,0,,0,0,,2021-01-01 00:07:02,,
,4,10.285714,,0,0,,0,0,,2,3,,0,2.015748,,0,0,,2021-01-01 00:07:03,,
,6,0,,0,5.63522,,0,0,,3,3.023622,,0,0.969697,,0,0,,2021-01-01 00:07:04,,
,7.9,5.7806454,,0,0,,0,0,,3,1.9104477,,2,0,,0,0,,2021-01-01 00:07:05,,
,9,8.45283,,0,0,,0,0,,3,4.196721,,2,0,,0,0,,2021-01-01 00:07:06,,
,3,9.442623,,0,0,,0,0,,3,3.023622,,1,0,,0,0,,2021-01-01 00:07:07,,
,9,8,,0,0,,0,0,,3,3,,0,0,,0,0,,2021-01-01 00:07:08,,
,6,6.446043,,0,0,,1,0,,3,3,,0,0,,0,0,,2021-01-01 00:07:09,,
,3,4.302521,,3,0,,0,0,,3,2.8029196,,0,0,,0,0,,2021-01-01 00:07:10,,
,7,11.174603,,0,0,,0,0,,3,4.1626015,,0,0,,0,0,,2021-01-01 00:07:11,,
,7.9,0,,1,0,,0,0,,2,3.047619,,0,0,,0,0,,2021-01-01 00:07:12,,
,2,8.597015,,0,0,,0,0,,3,3.047619,,0,4.231405,,0,0,,2021-01-01 00:07:13,,
,8,6.5641026,,0,5.63522,,0,0,,3,2.8656716,,0,1.024,,0,0,,2021-01-01 00:07:14,,
,6,8.145454,,0,0,,0,0,,3,2.9767442,,1,0,,0,0,,2021-01-01 00:07:15,,
,8,7.822222,,0,0,,0,0.63366336,,3,3.1735537,,2,0,,0,0,,2021-01-01 00:07:16,,
,3,15.515152,,0,0,,0,0,,2,4,,1,0,,0,0,,2021-01-01 00:07:17,,
,7.9,11.174603,,0,0,,0,0,,4,2,,0,0,,0,0,,2021-01-01 00:07:18,,
,6,0,,0,0,,0,5.7313433,,2,4,,0,0,,0,0,,2021-01-01 00:07:19,,
,4,7.4049587,,8,0,,0,0,,3,2.8029196,,0,0,,0,0,,2021-01-01 00:07:20,,
,7,5.5053763,,0,0,,0,0,,3,2.9767442,,0,0,,0,0,,2021-01-01 00:07:21,,
,7,12.151899,,0,0,,0,0,,3,3.2542372,,0,0,,0,0,,2021-01-01 00:07:22,,
,3,4.923077,,0,3.121951,,0,0,,2,2.887218,,0,3.0117648,,0,0,,2021-01-01 00:07:23,,
,7,8.533334,,0,-9.237113,,0,0,,3,2.4935064,,0,1.8686131,,0,0,,2021-01-01 00:07:24,,
,6.9,0,,0,7.59322,,0,0,,3,3.072,,1,0,,0,0,,2021-01-01 00:07:25,,
,9,6.8396945,,0,0,,0,0,,2,3.764706,,2,0,,0,0,,2021-01-01 00:07:26,,
,2,8,,0,0,,0,0,,3,2.9538462,,0,0,,0,0,,2021-01-01 00:07:27,,
,9,5.52518,,0,0,,0,0,,3,4.1626015,,0,0,,0,0,,2021-01-01 00:07:28,,
,6,5.289256,,0,0,,0,0,,3,3,,0,0,,0,0,,2021-01-01 00:07:29,,
,5,8.126985,,6,0,,1,0,,3,2.9767442,,0,0,,0,0,,2021-01-01 00:07:30,,
,7,7.757576,,0,0,,0,0,,2,2.887218,,0,0,,0,0,,2021-01-01 00:07:31,,
,6.9,7.816794,,0,0,,0,0,,4,3.147541,,0,0,,3,0,,2021-01-01 00:07:32,,
,3,8.408759,,0,0,,0,0,,2,2.9312978,,0,2,,2,2.9767442,,2021-01-01 00:07:33,,
,8,9.142858,,0,4.7701864,,0,0,,3,3.047619,,0,2,,0,0,,2021-01-01 00:07:34,,
,8,9.62406,,0,0.7950311,,0,0,,3,4.031496,,2,0,,0,1.0158731,,2021-01-01 00:07:35,,
,8,5.688889,,0,0,,0,0,,2,2,,2,0,,0,0,,2021-01-01 00:07:36,,
,3,10.816901,,0,0,,0,0,,4,2.887218,,1,0,,0,0,,2021-01-01 00:07:37,,
,8.9,4.5070424,,0,0,,0,0,,2,3.047619,,0,0,,0,0,,2021-01-01 00:07:38,,
,5,7.791304,,0,0,,0,0,,3,4.0634923,,0,0,,0,0,,2021-01-01 00:07:39,,
,5,6.8396945,,7,0,,0,0,,3,3,,0,0,,0,0,,2021-01-01 00:07:40,,
,6,8.258064,,1,0,,0,0,,3,4,,0,0,,0,0,,2021-01-01 00:07:41,,
,7,6.8923078,,0,0,,0,0,,3,2.015748,,0,0,,0,0,,2021-01-01 00:07:42,,
,3,7.02439,,0,0,,0,0,,3,4,,0,3.047619,,0,0,,2021-01-01 00:07:43,,
,8,10.181818,,0,4.5988026,,0,0,,3,2.9538462,,0,1.9844961,,0,0,,2021-01-01 00:07:44,,
,6.9,6.6589594,,0,0,,0,0,,3,3.096774,,1,0,,0,0,,2021-01-01 00:07:45,,
,8,5.9534883,,0,1.9692308,,0,0,,3,2.9312978,,3,0,,0,0,,2021-01-01 00:07:46,,
,4,4.096,,0,0,,0,0,,2,3.023622,,0,0,,0,0,,2021-01-01 00:07:47,,
,8,7,,0,0,,6,0,,3,2.4,,0,0,,0,0,,2021-01-01 00:07:48,,
,5,4.248963,,0,0,,0,0,,4,4.0851064,,0,0,,0,0,,2021-01-01 00:07:49,,
,5,20.000002,,4,0,,0,0,,2,3,,0,0,,0,0,,2021-01-01 00:07:50,,
,6,8.439561,,0,0,,0,0,,3,2.3414633,,0,0,,0,0,,2021-01-01 00:07:51,,
,7.9,6,,0,0,,0,0,,3,4.042105,,0,0,,0,0,,2021-01-01 00:07:52,,
,3,0,,0,0,,0,0,,3,3.7372262,,0,1.939394,,0,0,,2021-01-01 00:07:53,,
,7,14.0146,,0,3.699422,,0,0,,2,3.2542372,,0,2.1333334,,0,0,,2021-01-01 00:07:54,,
,9,1.2190477,,0,0.8648649,,0,0,,4,3.047619,,2,0,,0,0,,2021-01-01 00:07:55,,
,7,4.571429,,0,0,,0,0,,2,2.9538462,,1,0,,0,0,,2021-01-01 00:07:56,,
,5,6.095238,,0,0,,0,0,,3,3.047619,,1,0,,0,0,,2021-01-01 00:07:57,,
,7.9,8.597015,,0,0,,0,0,,3,3,,0,0,,0,0,,2021-01-01 00:07:58,,
,8,7.225806,,0,0,,0,0,,2,3,,0,0,,0,0,,2021-01-01 00:07:59,,
,3,6.6865673,,6,0,,0,0,,3,2.7826087,,0,0,,0,0,,2021-01-01 00:08:00,,
,8,7.344262,,0,0,,0,0.6918919,,3,3.2542372,,0,0,,0,0,,2021-01-01 00:08:01,,
,8,12.892086,,0,0,,0,0,,3,3.878788,,0,0,,0,0,,2021-01-01 00:08:02,,
,4,1.0491803,,0,0,,0,0,,3,3.096774,,0,3.072,,0,0,,2021-01-01 00:08:03,,
,8,8.325203,,0,6.1538463,,0,0,,2,2.9312978,,0,1.007874,,0,0,,2021-01-01 00:08:04,,
,6.9,4.0634923,,0,0,,0,0,,4,2.9767442,,1,0,,0,0,,2021-01-01 00:08:05,,
,8,6.787879,,0,0,,0,0,,2,3.121951,,2,0,,0,0,,2021-01-01 00:08:06,,
,2,5.3333335,,1,0,,0,0,,3,3,,2,0,,0,0,,2021-01-01 00:08:07,,
,8,22.068968,,0,0,,0,0,,3,2.8235295,,0,0,,0,0,,2021-01-01 00:08:08,,
,6,0.969697,,0,0,,0,0,,2,2.9538462,,0,0,,0,0,,2021-01-01 00:08:09,,
,5,6.9457364,,7,0,,0,0,,4,3.2820513,,0,0,,0,0,,2021-01-01 00:08:10,,
,7,7.344262,,0,0,,0,0,,3,3.710145,,0,0,,0,0,,2021-01-01 00:08:11,,
,5.9,8.727273,,0,0,,0,0,,2,3.2268908,,0,0,,0,0,,2021-01-01 00:08:12,,
,4,7,,0,0,,0,0,,2,2.909091,,0,3.072,,0,0,,2021-01-01 00:08:13,,
,7,5.16129,,0,5.647059,,0,0,,4,3.121951,,0,1.0158731,,0,0,,2021-01-01 00:08:14,,
,8,5.430303,,0,0,,0,0,,3,3,,1,0,,0,0,,2021-01-01 00:08:15,,
,7,10.181818,,0,0,,0,0,,2,2.7826087,,2,0,,0,0,,2021-01-01 00:08:16,,
,4,6.781457,,0,0,,0,0,,3,3.2268908,,0,0,,0,0,,2021-01-01 00:08:17,,
,7.9,9.481482,,0,0,,0,5.4084506,,3,4,,0,0,,0,0,,2021-01-01 00:08:18,,
,6,5.8562093,,0,0,,0,0,,3,2.9312978,,0,0,,0,0,,2021-01-01 00:08:19,,
,4,10.406504,,4,0,,0,0,,2,3.072,,0,0,,0,0,,2021-01-01 00:08:20,,
,8,9.481482,,0,0,,0,0,,4,2.3558283,,0,0,,0,0,,2021-01-01 00:08:21,,
,7,7.111111,,0,0,,0,0,,3,4,,0,0,,0,0,,2021-01-01 00:08:22,,
,3,6.787879,,0,0,,1,0,,2,3.908397,,0,3.9689922,,0,0,,2021-01-01 00:08:23,,
,8,5.16129,,0,2.2798982,,0,0,,3,1.6623377,,0,0,,0,0,,2021-01-01 00:08:24,,
,7.9,6.787879,,0,0,,0,0,,3,4,,2,0,,0,0,,2021-01-01 00:08:25,,
,7,14.410596,,0,NaN,,0,0,,3,3.1030302,,2,0,,0,0,,2021-01-01 00:08:26,,
,4,2.3486238,,0,NaN,,0,0,,2,2.909091,,0,0,,0,0,,2021-01-01 00:08:27,,
,7,8.393442,,0,0,,0,0,,4,3,,0,0,,0,0,,2021-01-01 00:08:28,,
,8,6,,0,0,,1,0,,2,3.9384615,,0,0,,0,0,,2021-01-01 00:08:29,,
,3,10.1587305,,7,0,,0,0,,3,3,,0,0,,0,0,,2021-01-01 00:08:30,,
,7,6,,0,0,,0,0,,2,2.8444445,,0,0,,0,0,,2021-01-01 00:08:31,,
,5.9,7.783784,,0,0,,0,0,,3,3,,0,0,,3,0,,2021-01-01 00:08:32,,
,3,8.08421,,0,0,,0,0,,3,2.577181,,0,3.023622,,1,1.9692308,,2021-01-01 00:08:33,,
,7,7.529412,,0,5.301775,,0,0,,3,3.6226416,,0,1.9248121,,0,2,,2021-01-01 00:08:34,,
,10,5.2244897,,0,0,,0,0,,2,3.2,,2,0,,0,0,,2021-01-01 00:08:35,,
,6,11.52,,0,0,,0,0.99224806,,4,3.0295858,,2,0,,0,0,,2021-01-01 00:08:36,,
,3,8.347826,,0,0,,0,0,,2,2.7526882,,0,0,,0,0,,2021-01-01 00:08:37,,
,7.9,18,,0,0,,0,0,,3,3.147541,,0,0,,0,0,,2021-01-01 00:08:38,,
,10,0,,0,0,,0,0,,3,2.9538462,,0,0,,0,0,,2021-01-01 00:08:39,,
,3,8.46281,,7,0,,0,0,,2,3,,0,0,,0,0,,2021-01-01 00:08:40,,
,8,7.3142858,,0,0,,0,0,,4,4.096,,0,0,,0,0,,2021-01-01 00:08:41,,
,7,9.442623,,0,0,,0,0,,2,2.9312978,,0,0,,0,0,,2021-01-01 00:08:42,,
,3,8.258064,,0,0,,0,0.8648649,,3,1.5900621,,0,2.8235295,,0,0,,2021-01-01 00:08:43,,
,6,4,,0,6.637037,,0,0,,4,4.042105,,0,1.0491803,,0,0,,2021-01-01 00:08:44,,
,9.9,5.919075,,0,0,,0,0,,2,4.096,,3,0,,0,0,,2021-01-01 00:08:45,,
,7,10.181818,,0,0,,0,0,,3,3,,1,0,,0,0,,2021-01-01 00:08:46,,
,3,8.325203,,1,0,,0,0,,2,3,,0,0,,0,0,,2021-01-01 00:08:47,,
,7,9.142858,,0,0,,3,0,,4,2.9312978,,0,0,,0,0,,2021-01-01 00:08:48,,
,6,8.793893,,0,0,,0,0,,2,3.047619,,0,0,,0,0,,2021-01-01 00:08:49,,
,4,7.9379845,,7,0,,0,0,,3,2.9312978,,0,0,,0,0,,2021-01-01 00:08:50,,
,5.9,5.4634147,,0,0,,0,0,,3,3.072,,0,0,,0,0,,2021-01-01 00:08:51,,
,8,8.677966,,0,0,,0,0,,2,3.023622,,0,0,,0,0,,2021-01-01 00:08:52,,
,3,4.8761907,,0,0,,0,0,,3,2.9312978,,0,2.909091,,0,0,,2021-01-01 00:08:53,,
,7,7,,0,2.2123456,,0,NaN,,3,2.909091,,0,0.8648649,,0,0,,2021-01-01 00:08:54,,
,8,8.46281,,0,0,,0,0,,3,3.096774,,3,0,,0,0,,2021-01-01 00:08:55,,
,7,6.8923078,,0,NaN,,3,0,,3,3.9689922,,1,0,,0,0,,2021-01-01 00:08:56,,
,3,8.347826,,0,0,,0,0,,3,2.0813007,,1,0,,0,0,,2021-01-01 00:08:57,,
,8.9,9.974026,,0,0,,0,0,,2,3.9384615,,0,0,,0,0,,2021-01-01 00:08:58,,
,8,6.4646463,,0,0,,0,0,,3,2.9538462,,0,0,,0,0,,2021-01-01 00:08:59,,
,2,9.762712,,3,0,,0,0,,2,4,,0,0,,0,0,,2021-01-01 00:09:00,,
,8,7.9379845,,0,0,,0,0,,4,3.047619,,0,0,,0,0,,2021-01-01 00:09:01,,
,6,3.764706,,0,0,,0,0,,3,2.0317461,,0,0,,0,0,,2021-01-01 00:09:02,,
,2,7,,0,0,,0,0,,2,3.9384615,,0,3.072,,0,0,,2021-01-01 00:09:03,,
,6.9,9.290322,,0,4.096,,0,0,,3,2.015748,,0,2.015748,,0,0,,2021-01-01 00:09:04,,
,9,14.110236,,1,1.6623377,,1,0,,3,3,,1,0,,0,0,,2021-01-01 00:09:05,,
,7,1,,0,0,,0,0,,3,3.7925925,,2,0,,0,0,,2021-01-01 00:09:06,,
,4,9.365853,,0,0.81528664,,0,0,,2,3.1735537,,0,0,,0,0,,2021-01-01 00:09:07,,
,7,7.9379845,,0,0,,0,0,,3,3.023622,,0,0,,0,0,,2021-01-01 00:09:08,,
,7,7.9379845,,0,0,,0,0,,3,2.9538462,,0,0,,0,0,,2021-01-01 00:09:09,,
,3,8.126985,,8,0,,0,0,,3,3,,0,0,,0,0,,2021-01-01 00:09:10,,
,6.9,3.9689922,,0,0,,0,0,,3,2.7428572,,0,0,,0,0,,2021-01-01 00:09:11,,
,8,6.540146,,0,0,,0,0,,2,3.2,,0,0,,0,0,,2021-01-01 00:09:12,,
,3,8.393442,,0,0,,0,0,,3,4.1626015,,0,1.9541985,,0,0,,2021-01-01 00:09:13,,
,7,10.429629,,0,6.6865673,,0,0,,3,2.015748,,0,2.064516,,0,0,,2021-01-01 00:09:14,,
,7,7.168,,0,0,,0,0,,2,3,,2,0,,0,0,,2021-01-01 00:09:15,,
,7,8.46281,,0,0,,0,0,,4,2.9767442,,2,0,,0,0,,2021-01-01 00:09:16,,
,3,7.816794,,0,0,,0,0,,2,4.0634923,,1,0,,0,0,,2021-01-01 00:09:17,,
,9,7.9379845,,0,0,,0,0,,4,1.9692308,,0,0,,0,0,,2021-01-01 00:09:18,,
,5,8.192,,0,0,,0,6.9457364,,1,3.7925925,,0,0,,0,0,,2021-01-01 00:09:19,,
,4,2.9538462,,8,0,,0,0,,4,3.1735537,,0,0,,0,0,,2021-01-01 00:09:20,,
,8,9.290322,,0,0,,0,0,,2,3.023622,,0,0,,0,0,,2021-01-01 00:09:21,,
,10,6.8923078,,0,0,,0,0,,4,2.9767442,,0,0,,0,0,,2021-01-01 00:09:22,,
,3,7.585185,,0,0,,0,0,,2,4,,0,1.9844961,,0,0,,2021-01-01 00:09:23,,
,6.9,8,,0,7.6039605,,0,0,,3,2.015748,,0,2.048,,0,0,,2021-01-01 00:09:24,,
,9,7.3375797,,0,0,,0,0,,2,3.072,,3,0,,0,0,,2021-01-01 00:09:25,,
,4,13.653334,,0,0,,0,0,,3,2.909091,,1,0,,0,0,,2021-01-01 00:09:26,,
,8,2.909091,,0,0,,0,0,,3,3.047619,,0,0,,0,0,,2021-01-01 00:09:27,,
,7,7.9292035,,0,0,,0,0,,3,3.9384615,,0,0,,0,0,,2021-01-01 00:09:28,,
,8,7.816794,,0,0,,0,0,,3,2.9312978,,0,0,,0,0,,2021-01-01 00:09:29,,
,3,3.8496242,,7,0,,0,0,,3,3.072,,0,0,,0,0,,2021-01-01 00:09:30,,
,7,12.151899,,0,0,,0,0,,3,6.095238,,0,0,,1,0,,2021-01-01 00:09:31,,
,6,9.846154,,0,0,,0,0,,2,0,,0,0,,2,0,,2021-01-01 00:09:32,,
,3,0,,0,0,,0,0,,3,2.9538462,,0,2.0317461,,1,3.2820513,,2021-01-01 00:09:33,,
,9,20.000002,,0,7.6992483,,0,0,,3,3.121951,,0,2.0317461,,0,0.8101266,,2021-01-01 00:09:34,,
,6,0,,1,0,,0,0,,3,2.9312978,,2,0,,0,0,,2021-01-01 00:09:35,,
,3,9.442623,,0,0,,0,0,,2,3,,2,0,,0,0,,2021-01-01 00:09:36,,
,7.9,8.661654,,0,0,,0,0,,4,3.764706,,1,0,,0,0,,2021-01-01 00:09:37,,
,7,7.757576,,0,0,,0,0,,3,3.2268908,,0,0,,0,0,,2021-01-01 00:09:38,,
,6,4,,0,0,,0,0,,2,2,,0,0,,0,0,,2021-01-01 00:09:39,,
,4,7.284553,,3,0,,0,0,,3,3.9689922,,0,0,,0,0,,2021-01-01 00:09:40,,
,6,9.142858,,0,0,,0,0,,2,3.072,,0,0,,0,0,,2021-01-01 00:09:41,,
,7,7.585185,,0,0,,0,0,,3,2.4150944,,0,0,,0,0,,2021-01-01 00:09:42,,
,3,10.24,,0,0,,0,0,,4,3.764706,,0,3.023622,,0,0,,2021-01-01 00:09:43,,
,6.9,6.540146,,0,4.626506,,0,0,,2,3.047619,,0,2.0317461,,0,0,,2021-01-01 00:09:44,,
,9,8.605042,,0,0,,1,0,,3,3,,1,0,,0,0,,2021-01-01 00:09:45,,
,4,7.816794,,0,0,,0,1.882353,,2,3.096774,,2,0,,0,0,,2021-01-01 00:09:46,,
,8,8.062992,,0,0,,0,0,,3,2.887218,,0,0,,0,0,,2021-01-01 00:09:47,,
,8,7.9379845,,0,0,,3,0,,3,4.0634923,,0,0,,0,0,,2021-01-01 00:09:48,,
,6,10.666667,,0,0,,0,0,,3,2.9312978,,0,0,,0,0,,2021-01-01 00:09:49,,
,4,1.0940171,,6,0,,0,0,,3,2.9538462,,0,0,,0,0,,2021-01-01 00:09:50,,
,7,8,,0,0,,0,0,,3,3.1735537,,0,0,,0,0,,2021-01-01 00:09:51,,
,6,8.793893,,0,0,,0,0,,3,1.8962963,,0,0,,0,0,,2021-01-01 00:09:52,,
,4,6.8396945,,0,0,,0,0,,3,3.2611465,,0,2.1880343,,0,0,,2021-01-01 00:09:53,,
,7,8.793893,,0,0,,1,0,,2,4.0851064,,0,0.969697,,0,0,,2021-01-01 00:09:54,,
,6,7.284553,,0,8.258064,,0,0,,3,3.072,,2,0,,0,0,,2021-01-01 00:09:55,,
,7,6.095238,,0,0,,0,0,,3,2.8656716,,2,0,,0,0,,2021-01-01 00:09:56,,
,4,13.419354,,0,0,,0,0,,3,3.147541,,1,0,,0,0,,2021-01-01 00:09:57,,
,8,0,,0,,,0,0,,3,3,,0,0,,0,0,,2021-01-01 00:09:58,,
,6,,,0,,,0,,,2,,,0,,,0,,,2021-01-01 00:09:59,,
,4,,,7.9,,,0,,,3,,,0,,,0,,,2021-01-01 00:10:00,,
